workload,mode,reads,workers,snapshot_bytes,provider_reads,median_ms,p95_ms,direct_reads,broker_reads,snapshot_hits,provider_opens,attempted,completed,reused,conflicts,shadow_matches,shadow_mismatches
independent,sequential,broker,1,0,5,0.895,1.303,0,0,0,0,0,0,0,0,0,0
independent,shadow,broker,4,0,5,1.320,1.519,0,1344,0,0,168,168,0,0,168,0
independent,shadow,auto,4,6925,13,1.224,1.299,1344,0,1176,84,168,168,0,0,168,0
independent,parallel,broker,1,0,5,1.392,2.054,0,1344,0,0,168,168,168,0,0,0
independent,parallel,auto,1,6925,13,1.138,1.309,1344,0,1176,21,168,168,168,0,0,0
independent,parallel,broker,2,0,5,0.738,0.860,0,1344,0,0,168,168,168,0,0,0
independent,parallel,auto,2,6925,13,0.594,0.667,1344,0,1176,42,168,168,168,0,0,0
independent,parallel,broker,4,0,5,0.397,0.475,0,1344,0,0,168,168,168,0,0,0
independent,parallel,auto,4,6925,13,0.341,0.390,1344,0,1176,84,168,168,168,0,0,0
independent,parallel,broker,8,0,5,0.235,0.280,0,1344,0,0,168,168,168,0,0,0
independent,parallel,auto,8,6925,13,0.208,0.259,1344,0,1176,168,168,168,168,0,0,0
nonce_chain,sequential,broker,1,0,5,0.738,0.754,0,0,0,0,0,0,0,0,0,0
nonce_chain,shadow,broker,4,0,5,1.822,1.997,0,609,0,0,168,168,0,0,168,0
nonce_chain,shadow,auto,4,6157,13,2.700,3.586,609,0,441,168,168,168,0,0,168,0
nonce_chain,parallel,broker,1,0,5,0.756,1.061,0,0,0,0,0,0,0,0,0,0
nonce_chain,parallel,auto,1,5133,5,0.734,0.747,0,0,0,0,0,0,0,0,0,0
nonce_chain,parallel,broker,2,0,5,0.695,0.715,0,0,0,0,0,0,0,0,0,0
nonce_chain,parallel,auto,2,5133,5,0.702,0.721,0,0,0,0,0,0,0,0,0,0
nonce_chain,parallel,broker,4,0,5,0.708,0.716,0,0,0,0,0,0,0,0,0,0
nonce_chain,parallel,auto,4,5133,5,0.707,0.718,0,0,0,0,0,0,0,0,0,0
nonce_chain,parallel,broker,8,0,5,0.708,0.732,0,0,0,0,0,0,0,0,0,0
nonce_chain,parallel,auto,8,5133,5,0.753,0.772,0,0,0,0,0,0,0,0,0,0
pairing,sequential,broker,1,0,6,11.721,11.782,0,0,0,0,0,0,0,0,0,0
pairing,shadow,broker,4,0,6,20.297,26.137,0,1512,0,0,168,168,0,0,168,0
pairing,shadow,auto,4,6925,22,18.357,22.399,1512,0,1176,84,168,168,0,0,168,0
pairing,parallel,broker,1,0,6,14.862,15.579,0,1512,0,0,168,168,168,0,0,0
pairing,parallel,auto,1,6925,22,14.847,15.728,1512,0,1176,21,168,168,168,0,0,0
pairing,parallel,broker,2,0,6,7.708,8.168,0,1512,0,0,168,168,168,0,0,0
pairing,parallel,auto,2,6925,22,7.689,7.822,1512,0,1176,42,168,168,168,0,0,0
pairing,parallel,broker,4,0,6,3.950,5.005,0,1512,0,0,168,168,168,0,0,0
pairing,parallel,auto,4,6925,22,3.799,4.947,1512,0,1176,84,168,168,168,0,0,0
pairing,parallel,broker,8,0,6,2.694,2.746,0,1512,0,0,168,168,168,0,0,0
pairing,parallel,auto,8,6925,22,2.737,2.792,1512,0,1176,168,168,168,168,0,0,0
storage_shared_warm,sequential,broker,1,0,4,0.307,0.319,0,0,0,0,0,0,0,0,0,0
storage_shared_warm,shadow,broker,4,0,4,3.042,3.272,0,44184,0,0,168,168,0,0,168,0
storage_shared_warm,shadow,auto,4,40961,4,0.764,0.859,44184,0,44184,84,168,168,0,0,168,0
storage_shared_warm,parallel,broker,1,0,4,7.980,8.161,0,44184,0,0,168,168,168,0,0,0
storage_shared_warm,parallel,auto,1,40961,4,0.833,1.095,44184,0,44184,21,168,168,168,0,0,0
storage_shared_warm,parallel,broker,2,0,4,5.335,5.753,0,44184,0,0,168,168,168,0,0,0
storage_shared_warm,parallel,auto,2,40961,4,0.727,0.911,44184,0,44184,42,168,168,168,0,0,0
storage_shared_warm,parallel,broker,4,0,4,3.024,3.568,0,44184,0,0,168,168,168,0,0,0
storage_shared_warm,parallel,auto,4,40961,4,0.502,0.518,44184,0,44184,84,168,168,168,0,0,0
storage_shared_warm,parallel,broker,8,0,4,1.565,1.820,0,44184,0,0,168,168,168,0,0,0
storage_shared_warm,parallel,auto,8,40961,4,0.362,0.374,44184,0,44184,168,168,168,168,0,0,0
storage_independent_warm,sequential,broker,1,0,5,0.242,0.244,0,0,0,0,0,0,0,0,0,0
storage_independent_warm,shadow,broker,4,0,5,3.154,3.185,0,44520,0,0,168,168,0,0,168,0
storage_independent_warm,shadow,auto,4,274177,13,0.785,0.875,44520,0,44352,84,168,168,0,0,168,0
storage_independent_warm,parallel,broker,1,0,5,7.599,8.557,0,44520,0,0,168,168,168,0,0,0
storage_independent_warm,parallel,auto,1,274177,13,0.854,0.890,44520,0,44352,21,168,168,168,0,0,0
storage_independent_warm,parallel,broker,2,0,5,4.961,5.134,0,44520,0,0,168,168,168,0,0,0
storage_independent_warm,parallel,auto,2,274177,13,0.706,0.789,44520,0,44352,42,168,168,168,0,0,0
storage_independent_warm,parallel,broker,4,0,5,2.853,3.081,0,44520,0,0,168,168,168,0,0,0
storage_independent_warm,parallel,auto,4,274177,13,0.488,0.602,44520,0,44352,84,168,168,168,0,0,0
storage_independent_warm,parallel,broker,8,0,5,1.657,1.762,0,44520,0,0,168,168,168,0,0,0
storage_independent_warm,parallel,auto,8,274177,13,0.384,0.456,44520,0,44352,168,168,168,168,0,0,0
storage_shared_cold,sequential,broker,1,0,261,0.262,0.266,0,0,0,0,0,0,0,0,0,0
storage_shared_cold,shadow,broker,4,0,261,2.673,3.246,0,44184,0,0,168,168,0,0,168,0
storage_shared_cold,shadow,auto,4,6528,2317,0.713,0.778,44184,0,1008,84,168,168,0,0,168,0
storage_shared_cold,parallel,broker,1,0,261,7.544,10.562,0,44184,0,0,168,168,168,0,0,0
storage_shared_cold,parallel,auto,1,6528,2317,0.788,0.803,44184,0,1008,21,168,168,168,0,0,0
storage_shared_cold,parallel,broker,2,0,261,4.725,4.934,0,44184,0,0,168,168,168,0,0,0
storage_shared_cold,parallel,auto,2,6528,2317,0.725,0.779,44184,0,1008,42,168,168,168,0,0,0
storage_shared_cold,parallel,broker,4,0,261,2.824,2.889,0,44184,0,0,168,168,168,0,0,0
storage_shared_cold,parallel,auto,4,6528,2317,0.477,0.560,44184,0,1008,84,168,168,168,0,0,0
storage_shared_cold,parallel,broker,8,0,261,1.530,1.554,0,44184,0,0,168,168,168,0,0,0
storage_shared_cold,parallel,auto,8,6528,2317,0.356,0.385,44184,0,1008,168,168,168,168,0,0,0
storage_independent_cold,sequential,broker,1,0,2061,0.285,0.290,0,0,0,0,0,0,0,0,0,0
storage_independent_cold,shadow,broker,4,0,2061,2.766,3.040,0,44520,0,0,168,168,0,0,168,0
storage_independent_cold,shadow,auto,4,9985,4125,0.729,0.799,44520,0,1176,84,168,168,0,0,168,0
storage_independent_cold,parallel,broker,1,0,2061,7.230,10.654,0,44520,0,0,168,168,168,0,0,0
storage_independent_cold,parallel,auto,1,9985,4125,0.777,1.161,44520,0,1176,21,168,168,168,0,0,0
storage_independent_cold,parallel,broker,2,0,2061,4.954,5.015,0,44520,0,0,168,168,168,0,0,0
storage_independent_cold,parallel,auto,2,9985,4125,0.660,0.787,44520,0,1176,42,168,168,168,0,0,0
storage_independent_cold,parallel,broker,4,0,2061,2.742,2.833,0,44520,0,0,168,168,168,0,0,0
storage_independent_cold,parallel,auto,4,9985,4125,0.479,0.559,44520,0,1176,84,168,168,168,0,0,0
storage_independent_cold,parallel,broker,8,0,2061,1.570,1.584,0,44520,0,0,168,168,168,0,0,0
storage_independent_cold,parallel,auto,8,9985,4125,0.377,0.480,44520,0,1176,168,168,168,168,0,0,0
storage_conflict_cold,sequential,broker,1,0,261,0.257,0.259,0,0,0,0,0,0,0,0,0,0
storage_conflict_cold,shadow,broker,4,0,261,2.809,2.989,0,44184,0,0,168,168,0,147,21,0
storage_conflict_cold,shadow,auto,4,6656,2317,0.626,0.686,44184,0,1008,84,168,168,0,147,21,0
storage_conflict_cold,parallel,broker,1,0,261,7.738,7.978,0,44184,0,0,168,168,21,147,0,0
storage_conflict_cold,parallel,auto,1,6656,2317,0.840,1.270,44184,0,1008,21,168,168,21,147,0,0
storage_conflict_cold,parallel,broker,2,0,261,5.343,5.673,0,44184,0,0,168,168,21,147,0,0
storage_conflict_cold,parallel,auto,2,6656,2317,0.855,0.948,44184,0,1008,42,168,168,21,147,0,0
storage_conflict_cold,parallel,broker,4,0,261,3.120,3.505,0,44184,0,0,168,168,21,147,0,0
storage_conflict_cold,parallel,auto,4,6656,2317,0.615,0.643,44184,0,1008,84,168,168,21,147,0,0
storage_conflict_cold,parallel,broker,8,0,261,1.716,1.737,0,44184,0,0,168,168,21,147,0,0
storage_conflict_cold,parallel,auto,8,6656,2317,0.733,0.778,44184,0,1008,168,168,168,21,147,0,0
