workload,mode,reads,scheduler,workers,txs,snapshot_bytes,snapshot_versions,provider_reads,median_ms,p95_ms,mean_ms,direct_reads,broker_reads,snapshot_hits,provider_opens,attempted,completed,reused,conflicts,shadow_matches,shadow_mismatches,finalization_mean_ms,policy_evaluation_mean_ms,synthetic_roots_mean_ms,worker_utilization_percent,canonical_retry_mean_ms,dependency_validation_mean_ms,evm_mean_ms,head_wait_mean_ms,pipeline_drain_mean_ms,provider_open_mean_ms,provider_read_mean_ms,queue_wait_mean_ms,read_wait_mean_ms,snapshot_update_mean_ms,window_mean_ms,worker_lease_mean_ms,worker_mean_ms
independent,sequential,auto,window,1,64,0,0,5,6.050,6.263,6.486,0,0,0,0,0,0,0,0,0,0,0.025153,0.019723,0.308892,0.00,0,0,0,0,0,0,0,0,0,0,0,0,0
independent,shadow,auto,window,4,64,24333,1,69,8.552,10.268,8.810,5712,0,4368,336,1344,1344,0,0,1344,0,0.120750,0.044045,0.336406,20.28,0,0.024601,6.901797,0,0,0.019674,0.006070,0,0.006070,0.034420,2.156667,7.148389,6.907867
independent,shadow,auto,rolling,4,64,93761,5,69,6.923,8.619,7.213,5712,0,4368,1021,1344,1344,0,0,1344,0,0.142837,0.047619,0.305954,24.60,0,0.022570,6.851479,0.142789,0.000648,0.013037,0.003859,4.011514,0.003859,0.121719,0.000000,7.097836,6.855338
independent,parallel,auto,window,1,64,24333,1,69,6.417,6.558,6.431,5712,0,4368,84,1344,1344,1344,0,0,0,0.079428,0.021823,0.314249,94.13,0,0.018494,5.955661,0.000000,0.000000,0.001117,0.001953,0.000000,0.001953,0.028023,6.079913,6.053409,5.957614
independent,parallel,auto,rolling,1,64,303312,16,69,6.410,7.942,6.649,5712,0,4368,84,1344,1344,1344,0,0,0,0.141468,0.031570,0.312730,98.67,0,0.026819,6.385649,5.698612,0.000527,0.001025,0.003369,86.189392,0.003369,0.191670,0.000000,6.560539,6.389018
independent,parallel,auto,window,2,64,24333,1,69,3.459,3.771,3.515,5712,0,4368,168,1344,1344,1344,0,0,0,0.080938,0.021943,0.306431,87.64,0,0.019390,6.019223,0.000000,0.000000,0.002340,0.003581,0.000000,0.003581,0.028593,3.154641,6.161325,6.022803
independent,parallel,auto,rolling,2,64,303312,16,69,3.350,3.805,3.393,5712,0,4368,88,1344,1344,1344,0,0,0,0.128462,0.028394,0.305943,96.65,0,0.025553,6.332032,2.502028,0.000492,0.001700,0.004274,40.123288,0.004274,0.184817,0.000000,6.558940,6.336305
independent,parallel,auto,window,4,64,24333,1,69,1.953,2.670,2.129,5712,0,4368,336,1344,1344,1344,0,0,0,0.081824,0.022387,0.305790,78.13,0,0.019606,6.439926,0.000000,0.000000,0.005118,0.004379,0.000000,0.004379,0.028730,1.771449,6.653906,6.444306
independent,parallel,auto,rolling,4,64,303312,16,69,1.957,2.158,1.979,5712,0,4368,129,1344,1344,1344,0,0,0,0.171520,0.038749,0.403017,92.63,0,0.038418,7.044697,0.723069,0.000885,0.002265,0.004729,17.453280,0.004729,0.284279,0.000000,7.332918,7.049426
independent,parallel,auto,window,8,64,24333,1,69,1.603,1.767,1.614,5712,0,4368,672,1344,1344,1344,0,0,0,0.083582,0.021687,0.302826,65.44,0,0.019699,7.965229,0.000000,0.000000,0.044387,0.005584,0.000000,0.005584,0.028333,1.257176,8.449766,7.970814
independent,parallel,auto,rolling,8,64,303312,16,69,1.364,1.480,1.351,5712,0,4368,168,1344,1344,1344,0,0,0,0.122067,0.029777,0.305555,88.92,0,0.026937,9.043010,0.441198,0.000451,0.006757,0.006821,6.768675,0.006821,0.208033,0.000000,9.610783,9.049831
nonce_chain,sequential,auto,window,1,64,0,0,5,5.873,7.884,6.205,0,0,0,0,0,0,0,0,0,0,0.026803,0.020429,0.310108,0.00,0,0.000000,0.000000,0.000000,0.000000,0.000000,0.000000,0.000000,0.000000,0.000000,0.000000,0.000000,0.000000
nonce_chain,shadow,auto,window,4,64,20493,1,69,12.848,29.257,14.609,4137,0,2793,1344,1344,1344,0,0,1344,0,0.136562,0.047366,0.350783,11.88,0,0.026595,6.769460,0.000000,0.000000,0.015590,0.002128,0.000000,0.002128,0.133744,7.296519,6.941201,6.771588
nonce_chain,shadow,auto,rolling,4,64,20493,1,69,13.029,14.948,13.618,4137,0,2793,1344,1344,1344,0,0,1344,0,0.135913,0.044335,0.314561,11.91,0,0.024691,6.312384,6.594696,0.000540,0.010877,0.002149,0.276422,0.002149,0.124795,0.000000,6.488861,6.314533
nonce_chain,parallel,auto,window,1,64,19469,1,5,5.697,5.998,5.735,0,0,0,0,0,0,0,0,0,0,0.021774,0.017264,0.284114,0.00,0,0.000000,0.000000,0.000000,0.000000,0.000000,0.000000,0.000000,0.000000,0.008837,0.000000,0.000000,0.000000
nonce_chain,parallel,auto,rolling,1,64,19469,1,5,5.967,6.229,5.897,0,0,0,0,0,0,0,0,0,0,0.023446,0.017662,0.297945,0.00,0,0.000000,0.000000,0.000000,0.000000,0.000000,0.000000,0.000000,0.000000,0.009195,0.000000,0.000000,0.000000
nonce_chain,parallel,auto,window,2,64,19469,1,5,5.966,6.014,5.874,0,0,0,0,0,0,0,0,0,0,0.022548,0.017165,0.295194,0.00,0,0.000000,0.000000,0.000000,0.000000,0.000000,0.000000,0.000000,0.000000,0.009188,0.000000,0.000000,0.000000
nonce_chain,parallel,auto,rolling,2,64,19469,1,5,5.683,5.724,5.679,0,0,0,0,0,0,0,0,0,0,0.021402,0.016585,0.282612,0.00,0,0.000000,0.000000,0.000000,0.000000,0.000000,0.000000,0.000000,0.000000,0.008676,0.000000,0.000000,0.000000
nonce_chain,parallel,auto,window,4,64,19469,1,5,5.684,5.754,5.688,0,0,0,0,0,0,0,0,0,0,0.021260,0.016561,0.284638,0.00,0,0.000000,0.000000,0.000000,0.000000,0.000000,0.000000,0.000000,0.000000,0.008702,0.000000,0.000000,0.000000
nonce_chain,parallel,auto,rolling,4,64,19469,1,5,5.661,5.693,5.657,0,0,0,0,0,0,0,0,0,0,0.021373,0.016105,0.283114,0.00,0,0.000000,0.000000,0.000000,0.000000,0.000000,0.000000,0.000000,0.000000,0.008591,0.000000,0.000000,0.000000
nonce_chain,parallel,auto,window,8,64,19469,1,5,5.670,5.746,5.677,0,0,0,0,0,0,0,0,0,0,0.021419,0.017006,0.285004,0.00,0,0.000000,0.000000,0.000000,0.000000,0.000000,0.000000,0.000000,0.000000,0.008952,0.000000,0.000000,0.000000
nonce_chain,parallel,auto,rolling,8,64,19469,1,5,5.736,5.969,5.761,0,0,0,0,0,0,0,0,0,0,0.021816,0.016828,0.289957,0.00,0,0.000000,0.000000,0.000000,0.000000,0.000000,0.000000,0.000000,0.000000,0.009018,0.000000,0.000000,0.000000
pairing,sequential,auto,window,1,64,0,0,6,95.980,99.339,96.289,0,0,0,0,0,0,0,0,0,0,0.031242,0.025101,0.309077,0.00,0,0.000000,0.000000,0.000000,0.000000,0.000000,0.000000,0.000000,0.000000,0.000000,0.000000,0.000000,0.000000
pairing,shadow,auto,window,4,64,24589,1,86,127.801,139.856,129.985,7056,0,5376,336,1344,1344,0,0,1344,0,0.164544,0.059504,0.303950,20.38,0,0.034553,105.566795,0.000000,0.000000,0.053061,0.007936,0.000000,0.007936,0.034640,28.857051,105.958056,105.574731
pairing,shadow,auto,rolling,4,64,75572,4,86,102.244,106.889,103.556,7056,0,5376,714,1344,1344,0,0,1344,0,0.163967,0.057825,0.300664,24.72,0,0.030119,101.910223,1.799267,0.000878,0.027052,0.007582,48.230014,0.007582,0.162534,0.000000,102.403210,101.917805
pairing,parallel,auto,window,1,64,24589,1,86,102.154,104.868,101.646,7056,0,5376,84,1344,1344,1344,0,0,0,0.096261,0.025555,0.318904,99.32,0,0.026498,100.799106,0.000000,0.000000,0.001875,0.003251,0.000000,0.003251,0.032645,101.163370,100.957883,100.802357
pairing,parallel,auto,rolling,1,64,307408,16,86,101.618,104.172,101.150,7056,0,5376,84,1344,1344,1344,0,0,0,0.426554,0.096881,0.319755,99.85,0,0.094670,100.684922,98.760270,0.000828,0.001298,0.003848,1324.194991,0.003848,0.310616,0.000000,101.000120,100.688771
pairing,parallel,auto,window,2,64,24589,1,86,51.083,54.220,51.782,7056,0,5376,168,1344,1344,1344,0,0,0,0.107112,0.027398,0.338292,97.93,0,0.027630,101.240170,0.000000,0.000000,0.005160,0.005471,0.000000,0.005471,0.034903,51.265376,101.422545,101.245641
pairing,parallel,auto,rolling,2,64,307408,16,86,52.282,53.867,52.005,7056,0,5376,90,1344,1344,1344,0,0,0,0.316489,0.071482,0.354835,99.20,0,0.104748,102.888518,50.021465,0.000932,0.002626,0.004753,629.772536,0.004753,0.279048,0.000000,103.175564,102.893271
pairing,parallel,auto,window,4,64,24589,1,86,28.939,34.030,29.173,7056,0,5376,336,1344,1344,1344,0,0,0,0.143333,0.032828,0.371810,91.61,0,0.041114,106.640672,0.000000,0.000000,0.019524,0.007172,0.000000,0.007172,0.039284,28.561392,106.903905,106.647844
pairing,parallel,auto,rolling,4,64,307408,16,86,25.667,27.907,26.028,7056,0,5376,96,1344,1344,1344,0,0,0,0.179276,0.040390,0.314716,98.22,0,0.046464,101.930752,24.869897,0.000717,0.003609,0.006146,266.729772,0.006146,0.191253,0.000000,102.259514,101.936899
pairing,parallel,auto,window,8,64,24589,1,86,19.403,20.178,18.925,7056,0,5376,672,1344,1344,1344,0,0,0,0.136947,0.032306,0.401697,71.63,0,0.038237,107.825055,0.000000,0.000000,0.078485,0.010786,0.000000,0.010786,0.038174,18.316101,108.450249,107.835841
pairing,parallel,auto,rolling,8,64,307408,16,86,15.213,18.020,15.659,7056,0,5376,169,1344,1344,1344,0,0,0,0.174492,0.039326,0.370913,93.10,0,0.042042,116.190276,14.448368,0.001048,0.016760,0.007737,95.771410,0.007737,0.240564,0.000000,116.629528,116.198012
storage_shared_warm,sequential,auto,window,1,64,0,0,4,2.095,2.126,2.092,0,0,0,0,0,0,0,0,0,0,0.022489,0.018754,0.802260,0.00,0,0.000000,0.000000,0.000000,0.000000,0.000000,0.000000,0.000000,0.000000,0.000000,0.000000,0.000000,0.000000
storage_shared_warm,shadow,auto,window,4,64,58369,1,4,5.714,8.798,6.094,348432,0,348432,336,1344,1344,0,0,1344,0,0.129286,0.049444,0.952763,34.22,0,0.456067,8.063195,0.000000,0.000000,0.016692,0.000000,0.000000,0.000000,0.050178,2.342344,8.340777,8.063195
storage_shared_warm,shadow,auto,rolling,4,64,476937,9,4,3.992,4.200,3.992,348432,0,348432,909,1344,1344,0,0,1344,0,0.154075,0.049235,0.819637,39.89,0,0.377711,6.031696,0.127590,0.000657,0.013259,0.000000,4.092040,0.000000,0.188573,0.000000,6.369715,6.031696
storage_shared_warm,parallel,auto,window,1,64,58369,1,4,5.814,10.671,6.487,348432,0,348432,84,1344,1344,1344,0,0,0,0.089628,0.024833,0.890514,77.17,0,0.379152,4.871735,0.000000,0.000000,0.004180,0.000000,0.000000,0.000000,0.042042,5.204474,5.005925,4.871735
storage_shared_warm,parallel,auto,rolling,1,64,847888,16,4,5.048,5.173,5.137,348432,0,348432,84,1344,1344,1344,0,0,0,0.133723,0.029370,0.797204,97.30,0,0.407051,4.817860,3.070297,0.000467,0.002094,0.000000,65.457745,0.000000,0.189591,0.000000,4.998282,4.817860
storage_shared_warm,parallel,auto,window,2,64,58369,1,4,3.713,4.812,3.959,348432,0,348432,168,1344,1344,1344,0,0,0,0.084504,0.024336,0.834995,66.29,0,0.365694,5.099595,0.000000,0.000000,0.003756,0.000000,0.000000,0.000000,0.041074,2.733290,5.249115,5.099595
storage_shared_warm,parallel,auto,rolling,2,64,847888,16,4,2.872,3.556,3.033,348432,0,348432,100,1344,1344,1344,0,0,0,0.141794,0.026535,0.810933,94.76,0,0.387591,5.512402,1.029328,0.000482,0.003986,0.000000,34.231212,0.000000,0.187822,0.000000,5.748179,5.512402
storage_shared_warm,parallel,auto,window,4,64,58369,1,4,3.372,3.971,3.356,348432,0,348432,336,1344,1344,1344,0,0,0,0.108060,0.029352,0.918085,48.41,0,0.483811,6.288248,0.000000,0.000000,0.010552,0.000000,0.000000,0.000000,0.048438,1.822510,6.498016,6.288248
storage_shared_warm,parallel,auto,rolling,4,64,847888,16,4,2.185,3.173,2.308,348432,0,348432,305,1344,1344,1344,0,0,0,0.144275,0.030627,0.834792,75.53,0,0.415275,6.645082,0.209520,0.000598,0.007669,0.000000,10.071008,0.000000,0.228764,0.000000,6.972904,6.645082
storage_shared_warm,parallel,auto,window,8,64,58369,1,4,2.637,3.953,3.005,348432,0,348432,672,1344,1344,1344,0,0,0,0.117171,0.029989,0.972403,37.23,0,0.532368,8.620013,0.000000,0.000000,0.032474,0.000000,0.000000,0.000000,0.050261,1.393725,8.949606,8.620013
storage_shared_warm,parallel,auto,rolling,8,64,529930,10,4,2.151,2.241,2.162,348432,0,348432,902,1344,1344,1344,0,0,0,0.131508,0.028889,0.814214,48.86,0,0.383964,7.963907,0.162226,0.000519,0.020871,0.000000,2.202168,0.000000,0.219062,0.000000,8.451676,7.963907
storage_independent_warm,sequential,auto,window,1,64,0,0,5,2.013,2.035,1.960,0,0,0,0,0,0,0,0,0,0,0.022934,0.046595,32.438543,0.00,0,0.000000,0.000000,0.000000,0.000000,0.000000,0.000000,0.000000,0.000000,0.000000,0.000000,0.000000,0.000000
storage_independent_warm,shadow,auto,window,4,64,2142977,1,69,6.412,7.696,6.241,351120,0,349776,336,1344,1344,0,0,1344,0,0.155010,0.094430,33.299683,27.61,0,0.438767,6.542938,0.000000,0.000000,0.029425,0.007511,0.000000,0.007511,0.681873,2.185265,6.892556,6.550450
storage_independent_warm,shadow,auto,rolling,4,64,17070088,8,69,4.842,5.037,4.883,351120,0,349776,851,1344,1344,0,0,1344,0,0.188522,0.104806,31.921309,31.88,0,0.415225,5.719148,0.232742,0.000955,0.021329,0.006102,5.199167,0.006102,0.833517,0.000000,6.226372,5.725250
storage_independent_warm,parallel,auto,window,1,64,2142977,1,69,6.412,6.633,6.379,351120,0,349776,84,1344,1344,1344,0,0,0,0.113871,0.049403,31.385295,70.35,0,0.363104,4.367389,0.000000,0.000000,0.003587,0.002574,0.000000,0.002574,0.660998,4.695701,4.487945,4.369963
storage_independent_warm,parallel,auto,rolling,1,64,34140176,16,69,5.671,5.864,5.698,351120,0,349776,84,1344,1344,1344,0,0,0,0.173810,0.058045,31.135639,86.62,0,0.418123,4.748614,3.053529,0.000846,0.002540,0.003254,64.386299,0.003254,0.821336,0.000000,4.935581,4.751868
storage_independent_warm,parallel,auto,window,2,64,2142977,1,69,4.525,4.665,4.494,351120,0,349776,168,1344,1344,1344,0,0,0,0.116058,0.051327,31.388522,54.50,0,0.372587,4.718756,0.000000,0.000000,0.008501,0.004333,0.000000,0.004333,0.657272,2.760982,4.898438,4.723089
storage_independent_warm,parallel,auto,rolling,2,64,34140176,16,69,3.447,3.850,3.514,351120,0,349776,93,1344,1344,1344,0,0,0,0.179713,0.061993,31.781315,76.96,0,0.438919,5.157610,0.787818,0.000814,0.004686,0.004308,31.776610,0.004308,0.838863,0.000000,5.408981,5.161918
storage_independent_warm,parallel,auto,window,4,64,2142977,1,69,3.364,3.753,3.416,351120,0,349776,336,1344,1344,1344,0,0,0,0.115116,0.051725,32.014071,39.69,0,0.371580,5.184340,0.000000,0.000000,0.013543,0.005990,0.000000,0.005990,0.669051,1.670731,5.422599,5.190329
storage_independent_warm,parallel,auto,rolling,4,64,25605132,12,69,2.891,3.174,2.927,351120,0,349776,385,1344,1344,1344,0,0,0,0.179868,0.063435,33.522195,55.17,0,0.422228,6.008608,0.240999,0.000947,0.016553,0.006447,7.284162,0.006447,0.870944,0.000000,6.459204,6.015055
storage_independent_warm,parallel,auto,window,8,64,2142977,1,69,3.183,3.559,3.174,351120,0,349776,672,1344,1344,1344,0,0,0,0.116042,0.050726,32.366723,26.91,0,0.374422,6.387203,0.000000,0.000000,0.038626,0.009030,0.000000,0.009030,0.673272,1.363875,6.834144,6.396234
storage_independent_warm,parallel,auto,rolling,8,64,19203849,9,69,2.839,3.072,2.889,351120,0,349776,917,1344,1344,1344,0,0,0,0.174553,0.064367,32.593292,29.83,0,0.443257,6.326354,0.214318,0.000945,0.030412,0.007053,3.063970,0.007053,0.884771,0.000000,6.894990,6.333406
storage_shared_cold,sequential,auto,window,1,64,0,0,261,2.033,2.116,2.055,0,0,0,0,0,0,0,0,0,0,0.021998,0.017741,0.776734,0.00,0,0.000000,0.000000,0.000000,0.000000,0.000000,0.000000,0.000000,0.000000,0.000000,0.000000,0.000000,0.000000
storage_shared_cold,shadow,auto,window,4,64,25601,1,16661,4.987,5.091,4.970,348432,0,4032,336,1344,1344,0,0,1344,0,0.103768,0.040411,0.803425,33.26,0,0.350981,5.494940,0.000000,0.000000,0.014900,0.886486,0.000000,0.886486,0.029895,1.970251,6.612977,6.381426
storage_shared_cold,shadow,auto,rolling,4,64,159111,8,16661,3.951,4.038,3.952,348432,0,4032,903,1344,1344,0,0,1344,0,0.146299,0.048076,0.812865,42.43,0,0.393503,5.547300,0.120898,0.000573,0.013762,0.836692,4.228710,0.836692,0.182947,0.000000,6.707888,6.383992
storage_shared_cold,parallel,auto,window,1,64,25601,1,16661,6.060,6.308,6.064,348432,0,4032,84,1344,1344,1344,0,0,0,0.083498,0.023511,0.804868,77.18,0,0.359377,4.003213,0.000000,0.000000,0.003315,0.559503,0.000000,0.559503,0.028622,4.882704,4.680234,4.562715
storage_shared_cold,parallel,auto,rolling,1,64,323600,16,16661,5.251,8.191,5.669,348432,0,4032,84,1344,1344,1344,0,0,0,0.159234,0.030101,0.823246,97.52,0,0.444451,4.722297,3.520948,0.000523,0.002553,0.621679,72.650081,0.621679,0.187000,0.000000,5.528212,5.343976
storage_shared_cold,parallel,auto,window,2,64,25601,1,16661,4.853,5.468,4.827,348432,0,4032,168,1344,1344,1344,0,0,0,0.089198,0.025468,0.903660,68.47,0,0.386997,5.550866,0.000000,0.000000,0.005558,0.875006,0.000000,0.875006,0.032048,3.541028,6.610368,6.425872
storage_shared_cold,parallel,auto,rolling,2,64,323600,16,16661,3.106,3.677,3.275,348432,0,4032,103,1344,1344,1344,0,0,0,0.144738,0.028553,0.788406,95.65,0,0.402292,5.199964,1.258860,0.000478,0.003263,0.832045,37.315768,0.832045,0.176398,0.000000,6.265392,6.032010
storage_shared_cold,parallel,auto,window,4,64,25601,1,16661,2.870,3.567,3.021,348432,0,4032,336,1344,1344,1344,0,0,0,0.083599,0.023002,0.807522,54.08,0,0.359992,5.417035,0.000000,0.000000,0.009624,0.916052,0.000000,0.916052,0.030282,1.809651,6.534778,6.333088
storage_shared_cold,parallel,auto,rolling,4,64,320911,16,16661,2.146,2.498,2.227,348432,0,4032,398,1344,1344,1344,0,0,0,0.137521,0.028753,0.848852,75.59,0,0.413969,5.526342,0.169811,0.000611,0.008890,0.900208,8.726103,0.900208,0.219371,0.000000,6.733491,6.426550
storage_shared_cold,parallel,auto,window,8,64,25601,1,16661,2.760,2.840,2.770,348432,0,4032,672,1344,1344,1344,0,0,0,0.084424,0.023103,0.814544,45.66,0,0.375871,8.560029,0.000000,0.000000,0.045810,1.114200,0.000000,1.114200,0.030631,1.502256,10.118890,9.674230
storage_shared_cold,parallel,auto,rolling,8,64,222475,11,16661,2.104,2.536,2.153,348432,0,4032,911,1344,1344,1344,0,0,0,0.138319,0.029851,0.814231,56.58,0,0.416655,8.080872,0.157788,0.000559,0.023889,1.138364,2.343572,1.138364,0.204221,0.000000,9.745133,9.219236
storage_independent_cold,sequential,auto,window,1,64,0,0,16453,2.511,2.592,2.518,0,0,0,0,0,0,0,0,0,0,0.023289,0.047641,32.175368,0.00,0,0.000000,0.000000,0.000000,0.000000,0.000000,0.000000,0.000000,0.000000,0.000000,0.000000,0.000000,0.000000
storage_independent_cold,shadow,auto,window,4,64,41729,1,32965,5.600,7.859,5.882,351120,0,4368,336,1344,1344,0,0,1344,0,0.147711,0.092022,32.180783,26.33,0,0.984351,4.857957,0.000000,0.000000,0.037743,1.002746,0.000000,1.002746,0.043143,2.050674,6.195703,5.860703
storage_independent_cold,shadow,auto,rolling,4,64,124166,6,32965,4.680,5.096,4.725,351120,0,4368,888,1344,1344,0,0,1344,0,0.171398,0.097002,32.137000,33.62,0,1.098977,5.029562,0.228774,0.001028,0.022386,0.911903,5.054685,0.911903,0.179929,0.000000,6.353435,5.941465
storage_independent_cold,parallel,auto,window,1,64,41729,1,32965,6.460,6.677,6.434,351120,0,4368,84,1344,1344,1344,0,0,0,0.110299,0.050163,31.193226,71.88,0,0.923408,3.876761,0.000000,0.000000,0.003476,0.630621,0.000000,0.630621,0.037860,4.812750,4.624716,4.507382
storage_independent_cold,parallel,auto,rolling,1,64,489488,16,32965,5.278,5.516,5.283,351120,0,4368,84,1344,1344,1344,0,0,0,0.143874,0.057350,31.090332,96.79,0,1.121265,4.282526,2.703577,0.000735,0.003120,0.652822,66.685346,0.652822,0.171725,0.000000,5.113378,4.935348
storage_independent_cold,parallel,auto,window,2,64,41729,1,32965,4.652,4.819,4.658,351120,0,4368,168,1344,1344,1344,0,0,0,0.116620,0.052588,32.644457,56.49,0,0.943440,4.237494,0.000000,0.000000,0.008220,0.849734,0.000000,0.849734,0.041854,2.967930,5.262577,5.087227
storage_independent_cold,parallel,auto,rolling,2,64,489488,16,32965,3.259,3.648,3.345,351120,0,4368,115,1344,1344,1344,0,0,0,0.168960,0.064400,34.173188,90.65,0,1.248998,4.889551,0.469656,0.000901,0.005799,0.904441,34.263728,0.904441,0.196779,0.000000,6.064161,5.793992
storage_independent_cold,parallel,auto,window,4,64,41729,1,32965,3.916,5.197,4.069,351120,0,4368,336,1344,1344,1344,0,0,0,0.136117,0.057326,32.426795,39.46,0,1.110416,5.123536,0.000000,0.000000,0.019232,1.027056,0.000000,1.027056,0.045708,2.069775,6.422053,6.150592
storage_independent_cold,parallel,auto,rolling,4,64,216330,10,32965,2.961,3.984,3.070,351120,0,4368,625,1344,1344,1344,0,0,0,0.175879,0.063635,31.760898,53.39,0,1.236213,5.089281,0.267976,0.000911,0.020670,1.011388,5.851656,1.011388,0.209437,0.000000,6.556097,6.100669
storage_independent_cold,parallel,auto,window,8,64,41729,1,32965,3.463,4.152,3.531,351120,0,4368,672,1344,1344,1344,0,0,0,0.130717,0.057122,32.498594,26.48,0,1.038234,5.749348,0.000000,0.000000,0.051077,1.258045,0.000000,1.258045,0.045352,1.599593,7.480423,7.007392
storage_independent_cold,parallel,auto,rolling,8,64,140805,5,32965,2.776,3.079,2.810,351120,0,4368,918,1344,1344,1344,0,0,0,0.143420,0.056951,32.252421,30.62,0,1.202697,5.231655,0.205971,0.000823,0.039043,1.105444,3.294052,1.105444,0.193778,0.000000,6.883295,6.337099
storage_conflict_cold,sequential,auto,window,1,64,0,0,261,2.115,2.130,2.088,0,0,0,0,0,0,0,0,0,0,0.022258,0.017787,0.786564,0.00,0,0.000000,0.000000,0.000000,0.000000,0.000000,0.000000,0.000000,0.000000,0.000000,0.000000,0.000000,0.000000
storage_conflict_cold,shadow,auto,window,4,64,25866,1,16613,4.715,5.535,4.888,348432,0,5040,336,1344,1344,0,1260,84,0,0.029968,0.022924,0.808859,40.10,0,0.054768,6.603894,0.000000,0.000000,0.013980,0.968368,0.000000,0.968368,0.031722,2.345229,7.839956,7.572262
storage_conflict_cold,shadow,auto,rolling,4,64,183258,9,16613,3.436,3.519,3.431,348432,0,5040,805,1344,1344,0,1323,21,0,0.028024,0.027706,0.812518,50.83,0,0.047090,5.749934,0.133385,0.000635,0.012128,0.896098,4.240368,0.896098,0.201278,0.000000,6.975706,6.646032
storage_conflict_cold,parallel,auto,window,1,64,25866,1,16613,7.294,8.198,7.422,348432,0,5040,84,1344,1344,84,1260,0,0,0.029813,0.023385,0.832880,65.47,1.597266,0.053365,4.167199,0.000000,0.000000,0.003197,0.574683,0.000000,0.574683,0.029606,5.013679,4.859493,4.741882
storage_conflict_cold,parallel,auto,rolling,1,64,325792,16,16613,5.431,5.594,5.398,348432,0,5040,85,1344,1344,21,1323,0,0,0.077593,0.026888,0.814862,96.69,1.822738,0.046973,4.483445,1.715567,0.000527,0.002294,0.563707,66.386461,0.563707,0.181826,0.000000,5.219499,5.047152
storage_conflict_cold,parallel,auto,window,2,64,25866,1,16613,5.485,10.041,6.305,348432,0,5040,168,1344,1344,84,1260,0,0,0.033545,0.025708,0.901588,53.53,1.797537,0.060029,5.625861,0.000000,0.000000,0.007890,0.924249,0.000000,0.924249,0.033378,3.602712,6.749739,6.550110
storage_conflict_cold,parallel,auto,rolling,2,64,325792,16,16613,3.434,4.641,3.685,348432,0,5040,93,1344,1344,21,1323,0,0,0.029133,0.027247,0.827292,86.66,1.813369,0.043919,5.310410,0.258247,0.000562,0.004305,0.819635,30.021333,0.819635,0.202563,0.000000,6.386734,6.130044
storage_conflict_cold,parallel,auto,window,4,64,25866,1,16613,4.624,6.361,4.824,348432,0,5040,336,1344,1344,84,1260,0,0,0.031367,0.024216,0.857035,39.84,1.678324,0.058990,6.440675,0.000000,0.000000,0.015083,0.988076,0.000000,0.988076,0.032193,2.245819,7.686582,7.428751
storage_conflict_cold,parallel,auto,rolling,4,64,180432,9,16613,3.526,6.022,3.846,348432,0,5040,842,1344,1344,21,1323,0,0,0.036570,0.033516,0.898138,43.64,1.918738,0.053752,5.545631,0.136523,0.000780,0.011914,0.863655,4.632501,0.863655,0.227366,0.000000,6.713450,6.409286
storage_conflict_cold,parallel,auto,window,8,64,25866,1,16613,4.510,7.876,5.108,348432,0,5040,672,1344,1344,84,1260,0,0,0.044336,0.031765,1.008700,31.11,1.984070,0.078622,10.815793,0.000000,0.000000,0.067210,1.328593,0.000000,1.328593,0.040774,1.950082,12.711668,12.144386
storage_conflict_cold,parallel,auto,rolling,8,64,122172,6,16613,3.422,4.263,3.539,348432,0,5040,1041,1344,1344,21,1323,0,0,0.029556,0.028939,0.822268,27.61,1.784853,0.053129,6.463369,0.159551,0.000567,0.026545,0.929523,2.356882,0.929523,0.210381,0.000000,7.817970,7.392892
slow_head,sequential,auto,window,1,64,0,0,5,4.004,4.073,3.996,0,0,0,0,0,0,0,0,0,0,0.022273,0.016972,0.294213,0.00,0.000000,0.000000,0.000000,0.000000,0.000000,0.000000,0.000000,0.000000,0.000000,0.000000,0.000000,0.000000,0.000000
slow_head,shadow,auto,window,4,64,24985,1,69,8.750,10.860,9.153,6972,0,5628,336,1344,1344,0,0,1344,0,0.110676,0.040653,0.318542,15.80,0.000000,0.023101,5.389044,0.000000,0.000000,0.039799,0.006903,0.000000,0.006903,0.030755,4.507105,5.785028,5.395948
slow_head,shadow,auto,rolling,4,64,135471,7,69,7.764,13.089,8.649,6972,0,5628,979,1344,1344,0,0,1344,0,0.154916,0.053486,0.333800,16.43,0.000000,0.031848,5.274853,3.238226,0.000581,0.022695,0.006261,1.929825,0.006261,0.158917,0.000000,5.683394,5.281115
slow_head,parallel,auto,window,1,64,24985,1,69,4.606,4.686,4.617,6972,0,5628,84,1344,1344,1344,0,0,0,0.079300,0.022342,0.310986,92.09,0.000000,0.021471,4.149599,0.000000,0.000000,0.000985,0.001882,0.000000,0.001882,0.028005,4.264112,4.251692,4.151481
slow_head,parallel,auto,rolling,1,64,309648,16,69,4.565,4.617,4.560,6972,0,5628,84,1344,1344,1344,0,0,0,0.141592,0.032809,0.306509,98.57,0.000000,0.031605,4.274475,3.591132,0.000544,0.000761,0.002854,64.221358,0.002854,0.204639,0.000000,4.494667,4.277328
slow_head,parallel,auto,window,2,64,24985,1,69,4.727,5.566,4.576,6972,0,5628,168,1344,1344,1344,0,0,0,0.095502,0.026631,0.337710,56.06,0.000000,0.028221,4.964846,0.000000,0.000000,0.005352,0.003608,0.000000,0.003608,0.035804,4.140383,5.130299,4.968454
slow_head,parallel,auto,rolling,2,64,251589,13,69,3.794,4.100,3.859,6972,0,5628,248,1344,1344,1344,0,0,0,0.129340,0.028930,0.327573,59.33,0.000000,0.027094,4.353248,2.969766,0.000530,0.004049,0.003188,4.138154,0.003188,0.189582,0.000000,4.578985,4.356436
slow_head,parallel,auto,window,4,64,24985,1,69,3.980,6.543,4.485,6972,0,5628,336,1344,1344,1344,0,0,0,0.092409,0.024501,0.323682,30.12,0.000000,0.026665,5.129757,0.000000,0.000000,0.014193,0.006321,0.000000,0.006321,0.032282,4.072303,5.403632,5.136078
slow_head,parallel,auto,rolling,4,64,251589,13,69,4.038,4.725,4.219,6972,0,5628,727,1344,1344,1344,0,0,0,0.132846,0.031842,0.315805,31.12,0.000000,0.030938,4.848292,3.261092,0.000515,0.016006,0.005063,1.796939,0.005063,0.196561,0.000000,5.252089,4.853355
slow_head,parallel,auto,window,8,64,24985,1,69,4.766,8.206,5.306,6972,0,5628,672,1344,1344,1344,0,0,0,0.119130,0.032085,0.410354,17.67,0.000000,0.033127,6.721034,0.000000,0.000000,0.075663,0.011945,0.000000,0.011945,0.039847,4.768010,7.499019,6.732980
slow_head,parallel,auto,rolling,8,64,96765,5,69,3.877,16.612,6.264,6972,0,5628,866,1344,1344,1344,0,0,0,0.175216,0.043210,0.439332,17.01,0.000000,0.045463,7.614305,4.917891,0.000743,0.033847,0.010386,1.385921,0.010386,0.296973,0.000000,8.525650,7.624690
slow_tail,sequential,auto,window,1,64,0,0,5,4.059,4.121,4.024,0,0,0,0,0,0,0,0,0,0,0.022359,0.017001,0.296592,0.00,0.000000,0.000000,0.000000,0.000000,0.000000,0.000000,0.000000,0.000000,0.000000,0.000000,0.000000,0.000000,0.000000
slow_tail,shadow,auto,window,4,64,24985,1,69,14.639,23.342,16.258,6972,0,5628,336,1344,1344,0,0,1344,0,0.210136,0.076149,0.559576,14.12,0.000000,0.046094,8.643336,0.000000,0.000000,0.049216,0.010911,0.000000,0.010911,0.060947,7.868612,9.183096,8.654248
slow_tail,shadow,auto,rolling,4,64,96765,5,69,7.485,12.055,8.211,6972,0,5628,1029,1344,1344,0,0,1344,0,0.149363,0.051557,0.334185,16.07,0.000000,0.032355,4.977774,2.906638,0.000658,0.017742,0.005060,1.292121,0.005060,0.141313,0.000000,5.277225,4.982834
slow_tail,parallel,auto,window,1,64,24985,1,69,4.733,5.035,4.769,6972,0,5628,84,1344,1344,1344,0,0,0,0.081405,0.022530,0.308746,90.81,0.000000,0.021745,4.224584,0.000000,0.000000,0.001436,0.002213,0.000000,0.002213,0.027602,4.405412,4.330916,4.226797
slow_tail,parallel,auto,rolling,1,64,309648,16,69,4.605,6.072,4.808,6972,0,5628,84,1344,1344,1344,0,0,0,0.152088,0.034788,0.328670,97.83,0.000000,0.034158,4.476811,3.786497,0.000669,0.000981,0.003228,53.494596,0.003228,0.207538,0.000000,4.703822,4.480039
slow_tail,parallel,auto,window,2,64,24985,1,69,5.224,7.265,5.694,6972,0,5628,168,1344,1344,1344,0,0,0,0.108073,0.030427,0.373850,49.11,0.000000,0.031876,5.388506,0.000000,0.000000,0.008112,0.005233,0.000000,0.005233,0.036932,5.192458,5.592289,5.393739
slow_tail,parallel,auto,rolling,2,64,193530,10,69,3.836,4.991,4.016,6972,0,5628,180,1344,1344,1344,0,0,0,0.130877,0.033361,0.318418,58.24,0.000000,0.029855,4.460039,3.102155,0.000514,0.002682,0.003315,2.840338,0.003315,0.196481,0.000000,4.678185,4.463354
slow_tail,parallel,auto,window,4,64,24985,1,69,10.774,20.798,11.684,6972,0,5628,336,1344,1344,1344,0,0,0,0.234348,0.064565,0.809039,26.93,0.000000,0.063795,11.882526,0.000000,0.000000,0.034880,0.014850,0.000000,0.014850,0.079314,10.630814,12.584846,11.897376
slow_tail,parallel,auto,rolling,4,64,115094,6,69,3.819,14.120,5.778,6972,0,5628,716,1344,1344,1344,0,0,0,0.191529,0.047674,0.435097,30.64,0.000000,0.046515,6.568561,4.359773,0.000800,0.015786,0.006505,1.358780,0.006505,0.290817,0.000000,7.082514,6.575066
slow_tail,parallel,auto,window,8,64,24985,1,69,16.720,24.174,15.043,6972,0,5628,672,1344,1344,1344,0,0,0,0.353480,0.093265,0.992571,14.75,0.000000,0.095716,16.141552,0.000000,0.000000,0.119571,0.025603,0.000000,0.025603,0.114227,13.483770,17.747376,16.167154
slow_tail,parallel,auto,rolling,8,64,96765,5,69,3.823,5.280,4.107,6972,0,5628,763,1344,1344,1344,0,0,0,0.118450,0.028811,0.308114,16.19,0.000000,0.032676,4.837344,3.151447,0.000535,0.019154,0.005084,0.784363,0.005084,0.207968,0.000000,5.319461,4.842428
costly_policy,sequential,auto,window,1,64,0,0,5,15.938,16.597,16.084,0,0,0,0,0,0,0,0,0,0,0.023972,10.450708,0.282168,0.00,0.000000,0.000000,0.000000,0.000000,0.000000,0.000000,0.000000,0.000000,0.000000,0.000000,0.000000,0.000000,0.000000
costly_policy,shadow,auto,window,4,64,24333,1,69,30.816,35.022,31.282,5712,0,4368,336,1344,1344,0,0,1344,0,11.318724,22.370112,0.310875,6.05,0.000000,0.024256,7.186901,0.000000,0.000000,0.043036,0.006450,0.000000,0.006450,0.034178,2.451654,7.570057,7.193352
costly_policy,shadow,auto,rolling,4,64,24333,1,69,28.744,28.984,28.792,5712,0,4368,1091,1344,1344,0,0,1344,0,11.089552,21.983624,0.307255,5.71,0.000000,0.022782,6.387183,0.175701,0.000778,0.013797,0.003252,3.694043,0.003252,0.098536,0.000000,6.579817,6.390435
costly_policy,parallel,auto,window,1,64,24333,1,69,17.385,17.975,17.529,5712,0,4368,84,1344,1344,1344,0,0,0,10.721734,10.661900,0.295828,35.47,0.000000,0.017237,6.070868,0.000000,0.000000,0.009892,0.002569,0.000000,0.002569,0.025906,6.543292,6.217213,6.073437
costly_policy,parallel,auto,rolling,1,64,151656,8,69,11.962,12.041,11.963,5712,0,4368,744,1344,1344,1344,0,0,0,11.100085,10.956790,0.307037,52.28,0.000000,0.022736,6.094873,0.190000,0.000745,0.007770,0.002516,21.357923,0.002516,0.121894,0.000000,6.254017,6.097389
costly_policy,parallel,auto,window,2,64,24333,1,69,14.912,15.598,14.972,5712,0,4368,168,1344,1344,1344,0,0,0,11.007958,10.943969,0.306294,22.37,0.000000,0.021878,6.487634,0.000000,0.000000,0.015308,0.004662,0.000000,0.004662,0.031280,3.659988,6.697599,6.492296
costly_policy,parallel,auto,rolling,2,64,113742,6,69,11.974,12.441,12.008,5712,0,4368,946,1344,1344,1344,0,0,0,11.182636,11.070577,0.310511,29.63,0.000000,0.023063,6.901309,0.167197,0.000680,0.011980,0.003539,8.981661,0.003539,0.111035,0.000000,7.116362,6.904848
costly_policy,parallel,auto,window,4,64,24333,1,69,13.574,16.659,14.198,5712,0,4368,336,1344,1344,1344,0,0,0,11.679321,11.605869,0.323030,12.57,0.000000,0.025189,6.848687,0.000000,0.000000,0.026632,0.006385,0.000000,0.006385,0.033554,2.179007,7.136353,6.855072
costly_policy,parallel,auto,rolling,4,64,55847,3,69,11.852,12.768,12.167,5712,0,4368,1066,1344,1344,1344,0,0,0,11.309604,11.222115,0.312316,13.30,0.000000,0.023550,6.272896,0.173430,0.000734,0.013684,0.003276,3.868413,0.003276,0.108366,0.000000,6.474621,6.276172
costly_policy,parallel,auto,window,8,64,24333,1,69,13.133,16.079,13.410,5712,0,4368,672,1344,1344,1344,0,0,0,11.304347,11.233826,0.308122,8.47,0.000000,0.022387,8.398233,0.000000,0.000000,0.077753,0.009224,0.000000,0.009224,0.030856,1.800658,9.082275,8.407457
costly_policy,parallel,auto,rolling,8,64,36890,2,69,11.854,12.038,11.983,5712,0,4368,1169,1344,1344,1344,0,0,0,11.150747,11.069405,0.315064,7.21,0.000000,0.022714,6.634773,0.167983,0.000812,0.024921,0.003892,2.708612,0.003892,0.106046,0.000000,6.910294,6.638666
